name,latitude,longitude,elevation,elevation2,species,number,TreeCover1,TreeCover200,EPS,samp.depth
alb001,42.4167,19.7667,1800,961,PIHE,27,51,71.5,0.892181501,37
alb002,41.8,20.2333,1900,1145,PIHE,28,10.5,47.25,0.944804771,69
alb003,40.7,20.1333,2000,1529,PIHE,28,21.25,72.75,0.976601399,116
alb004,41,19.4833,3,1,PIHA,30,34,58.25,0.916642832,40
alge001,36.45,4.1,1520,1378,CDAT,25,19,51.66666667,0.898942801,33
alge002,36.45,4.1,1560,1378,PINI,25,19,51.66666667,0.944404311,39
alge003,34.6,3.1167,1380,1286,PIHA,26,0,0,0.987046295,38
aust113,48.5,16.4,220,274,QUSP,31,2.25,6,0.982151549,261
aut116,47.81,13.59,1337,1333,PCAB,30,28.75,67,0.850238349,20
aut117,47.808,13.591,1209,1236,PCAB,30,55.25,69.75,0.903962984,20
aut118,47.808,13.591,1209,1236,ABAL,30,55.25,69.75,0.953900616,20
aut119,47.808,13.591,1209,1236,FASY,30,55.25,69.75,0.951524019,20
aut120,47.803,13.591,978,1000,PCAB,30,64.75,73.75,0.913645368,20
aut121,47.803,13.591,978,1000,ABAL,30,64.75,73.75,0.91004163,20
aut122,47.803,13.591,978,1000,FASY,30,64.75,73.75,0.919186868,20
aut123,47.799,13.589,791,773,PCAB,30,54.25,74.25,0.919895467,20
aut124,47.799,13.589,791,773,ABAL,30,54.25,74.25,0.926537974,20
aut125,47.799,13.589,791,773,FASY,30,54.25,74.25,0.925345523,20
aut126,47.791,13.552,527,519,PCAB,30,14.75,77.25,0.915857677,20
aut127,47.791,13.552,527,519,FASY,30,14.75,77.25,0.952460335,20
aut128,47.791,13.552,527,519,LADE,30,14.75,77.25,0.936938749,20
aut129,47.765,13.582,1465,1344,LADE,30,62.5,71.75,0.9358597,20
aut130,47.762,14.417,1460,1454,PCAB,29,38.75,71.75,0.914477785,20
aut131,47.762,14.417,1460,1454,FASY,29,38.75,71.75,0.960359089,20
aut132,47.762,14.417,1460,1454,LADE,29,38.75,71.75,0.922827648,20
aut133,47.76,14.42,1350,1374,PCAB,29,58.75,71.75,0.906917224,20
aut134,47.76,14.42,1350,1374,FASY,29,58.75,71.75,0.93954409,20
aut135,47.76,14.42,1350,1374,LADE,29,58.75,71.75,0.947910948,20
aut136,47.757,14.343,950,979,PCAB,29,64.75,73.25,0.895416776,20
aut137,47.757,14.343,950,979,ABAL,29,64.75,73.25,0.902922489,20
aut138,47.757,14.343,950,979,FASY,29,64.75,73.25,0.95345079,20
aut139,47.757,14.343,950,979,LADE,29,64.75,73.25,0.946461297,20
aut140,47.754,14.438,1150,1152,PCAB,29,51.5,77.5,0.899426642,20
aut141,47.754,14.438,1150,1152,ABAL,29,51.5,77.5,0.895944134,20
aut142,47.754,14.438,1150,1152,FASY,29,51.5,77.5,0.932148063,20
aut143,47.754,14.438,1150,1152,LADE,29,51.5,77.5,0.940374865,20
aut144,47.84,14.438,901,901,PCAB,30,70.25,76.5,0.887462339,20
aut145,47.84,14.438,901,901,FASY,30,70.25,76.5,0.90143491,20
aut146,47.84,14.438,901,901,LADE,30,70.25,76.5,0.966725191,20
aut147,47.84,14.451,894,911,PCAB,30,67.25,78.75,0.897644196,20
aut148,47.84,14.451,894,911,FASY,30,67.25,78.75,0.931841078,20
aut149,47.84,14.451,894,911,LADE,30,67.25,78.75,0.96037124,20
aut150,47.838,14.444,876,892,PCAB,30,68.75,74.75,0.926770847,20
aut151,47.838,14.444,876,892,FASY,30,68.75,74.75,0.935179972,20
aze001,38.71,48.53,1500,1452,TABA,36,19.5,47.75,0.897824315,23
bel001,50.75,4.42,113,135,FASY,41,69.5,78,0.934852827,39
brit053,53.37,-1.5,140,124,QURO,23,16.25,30.75,0.928909553,20
brit063,51.4,-1.7,170,170,QUSP,26,38.5,64.5,0.889624177,21
brit064,51.0667,-1.3833,120,153,QUSP,29,24.5,65,0.927799915,26
brit065,52.82,1.22,40,30,QUSP,28,12.75,66.5,0.92339501,33
brit066,52.9,1.27,55,49,QUSP,29,7.5,19,0.892221679,27
brit067,52.75,1.04,39,33,QUSP,29,8,16,0.901093662,29
brit068,52.58,1.17,41,54,QUSP,28,3.75,72.25,0.865732609,21
brit069,52.407,1.617,25,18,QUSP,24,5,57.5,0.883306721,21
brit072,55.27,-3.43,175,128,QURO,23,7.25,17.25,0.897702253,26
brit093,50.633142,-4.224025,,76,QUSP,33,6.666666667,68.75,0.928556387,44
che413,46.008,7.706,2000,1976,LADE,37,10,71,0.97053016,37
che414,46.001,7.743,2050,2040,LADE,37,53.25,67.5,0.987801498,49
che415,46.002,7.74,1900,1912,LADE,37,61,72.5,0.983067019,67
che416,46.007,7.743,1740,1771,LADE,37,53.25,77.75,0.986613018,62
che417,46.218,8.058,2150,2159,LADE,29,53,67.5,0.951493192,21
che418,46.212,8.055,2020,2030,LADE,30,58.25,67.25,0.965361224,21
che419,46.208,8.047,1713,1713,LADE,30,51.5,70.25,0.967829076,26
che420,46.196,8.064,1400,1501,LADE,31,38.25,66.25,0.90320671,23
che421,46.191,8.044,1900,1902,LADE,30,66.5,71.75,0.919401312,21
che422,46.196,8.045,1712,1751,LADE,31,55.5,74.5,0.951874992,23
che423,46.193,8.053,1575,1583,LADE,31,52.5,69.25,0.957300577,23
che424,47.49542,7.04324,459,476,FASY,39,64,76.25,0.964772276,42
che425,47.49287,7.02637,488,494,FASY,39,67.75,75.75,0.981336269,42
che426,47.49098,7.02227,457,467,FASY,39,63.5,76.5,0.980886135,42
che427,47.46482,7.09776,479,494,FASY,39,45.25,74.5,0.969279775,42
che428,47.46221,7.08772,500,513,FASY,39,63.75,75.5,0.955586441,42
che429,47.45312,7.08781,527,541,FASY,39,59.25,72.25,0.975421319,42
che430,47.49607,7.14147,490,501,FASY,39,59,74,0.965040918,42
che431,47.4913,7.10275,462,479,FASY,39,51.5,76.25,0.979317644,42
che432,47.49218,7.10575,479,489,FASY,39,45.75,77.75,0.978288437,42
che449,47.61388889,8.56111111,510,530,QUSP,29,16,75.5,0.937458739,29
che450,47.52444444,8.52083333,425,439,QUSP,29,61.75,75.5,0.946283581,31
che452,47.1347222,9.25527778,500,862,QUSP,29,49.25,75.25,0.903779109,29
che453,47.5575,8.33555556,550,529,QUSP,29,16,73.25,0.938980976,29
che454,47.5469444,8.52666667,420,436,QUSP,29,63,75,0.945476913,30
che455,46.1275,7.07388889,778,916,QUSP,29,21,73.375,0.926800546,30
che456,46.2933333,7.56333333,588,575,QUSP,29,38.5,54.75,0.902241899,24
che457,47.5319444,8.49444444,470,490,QUSP,29,60,76.5,0.90738024,29
che458,47.5519444,8.45361111,485,524,QUSP,29,48.25,76,0.933164114,30
che459,47.4130556,7.9925,625,570,QUSP,29,51.5,73.5,0.9504715,31
che460,46.77972223,7.890833341,1865,1876,PCAB,43,9.25,52.75,0.953034838,76
che461,46.77972223,7.890833341,1865,1876,PIMG,43,9.25,52.75,0.95872241,70
che462,46.0038889,7.770277786,2372,2357,LADE,43,30.5,62.25,0.983214448,66
che463,46.0038889,7.770277786,2372,2357,PICE,43,30.5,62.25,0.935068227,34
che464,46.32916668,8.517777786,2095,2087,LADE,43,3.75,20.75,0.932462015,34
che485,46.59266,7.97979,1820,1813,PCAB,31,58.5,72.75,0.924811617,25
che486,46.60178,7.9992,1483,1519,PCAB,31,57,71.66666667,0.898150133,25
che487,46.55585,9.60853,1725,1754,PCAB,36,72,76,0.945871818,67
che499,46.39256944,7.762591667,1341,1328,PCAB,34,22.5,71.25,0.929617549,55
che500,46.38705278,7.76511,1634,1660,PCAB,31,63,72.25,0.881896913,28
che501,46.38587,7.77382,1961,1976,PCAB,32,61.75,71.25,0.945859522,41
che502,46.39718611,7.755372222,1670,1667,PCAB,34,53.5,70.25,0.944496734,29
che503,46.39687,7.745863889,1928,1934,PCAB,34,46.5,66.25,0.944695333,48
che512,46.72696,9.4844737,1720,1728,PCAB,31,43.5,67.5,0.900192597,28
che523,46.39256944,7.762591667,1341,1328,LADE,34,22.5,71.25,0.947563896,50
che524,46.38705278,7.76511,1634,1660,LADE,31,63,72.25,0.97418892,36
che525,46.38587,7.77382,1961,1976,LADE,32,61.75,71.25,0.976629341,38
che526,46.38121389,7.772791667,2182,2166,LADE,31,50.75,69,0.969963927,41
che527,46.39718611,7.755372222,1670,1667,LADE,34,53.5,70.25,0.97514357,37
che528,46.39687,7.745863889,1928,1934,LADE,34,46.5,66.25,0.978117162,31
che529,46.3996,7.742555556,2104,2107,LADE,34,34.5,71,0.983084918,81
che552,47.2672222,7.8836111,480,475,ABAL,31,65.75,77,0.970527761,132
che556,46.883333,6.559444,970,992,FASY,38,67.5,72.25,0.938079253,29
che557,46.959444,7.773611,894,901,FASY,38,68.25,73.5,0.988268144,30
che559,47.53821,8.21732,425,438,FASY,40,63.75,70.5,0.954427677,41
che560,47.50793,7.70323,468,477,FASY,39,45.75,74.5,0.970352446,36
che561,47.30803,9.55951,510,521,FASY,40,67.75,73.75,0.959566991,41
che562,47.6665,8.57309,520,536,FASY,40,63.25,75,0.973744639,43
che563,47.47931,7.4767,574,583,FASY,40,65,76.75,0.969472116,41
che564,47.50889,7.66973,450,473,FASY,39,66.25,73.75,0.955144759,35
che588,46.81932,9.44212,670,689,FASY,32,66.5,76.5,0.952875863,20
che601,47.16589,8.41628,427,439,FREX,42,64.75,73,0.887770508,21
cyp020,35,32.63,859,825,PIBR,30,44.33333333,56.25,0.964041485,42
cyp021,34.92,32.86,1756,1756,PINI,30,1.5,22,0.966499696,39
cyp022,34.93,32.9,1642,1601,PINI,30,13.33333333,33.25,0.953568559,35
cypr015,35.02,32.63,1050,913,PIBR,22,36.33333333,55,0.941245073,37
cypr016,34.92,32.9,1550,1541,PIBR,22,5.333333333,45,0.953761433,30
cypr017,34.92,32.9,1550,1541,PINI,22,5.333333333,45,0.919392693,23
cypr018,34.93,32.87,1770,1865,PINI,22,26,29.25,0.963427988,34
cypr019,34.98,32.67,1400,882,CDBR,22,38.5,53.75,0.929676534,40
cze036,50.583154,14.432447,389,404,PISY,39,67,76.75,0.874421702,26
cze037,50.583294,14.43426,411,415,PISY,39,64.75,74.75,0.897049488,27
cze038,50.580903,14.436868,374,390,PISY,40,52.75,72.5,0.902103456,26
cze039,50.569243,14.440444,384,387,PISY,40,54.5,72.75,0.903243762,26
cze040,50.574326,14.436028,395,401,PISY,39,63,73.25,0.925140018,26
cze041,50.570809,14.432219,338,354,PISY,39,65.75,75,0.898809044,26
cze042,50.574482,14.433891,379,376,PISY,40,66.75,74.75,0.929880053,26
cze043,50.599173,14.451654,497,494,PISY,39,53.25,73.25,0.969414985,64
cze044,50.596338,14.447048,383,389,PISY,39,21.75,69.25,0.881662636,26
cze045,50.57463,14.457303,413,425,PISY,40,63.25,75.75,0.856358007,26
cze046,50.579373,14.453595,423,433,PISY,39,61.5,74.25,0.926274407,25
cze047,50.58407,14.460131,361,386,PISY,39,58.75,74.5,0.899117666,35
cze048,50.583267,14.447297,361,382,PISY,39,67.25,75.75,0.903535531,26
cze049,50.587257,14.440833,442,454,PISY,38,55,73,0.916352527,26
cze050,50.590041,14.454068,365,388,PISY,39,68,76.25,0.893265064,26
cze051,50.588811,14.45881,362,377,PISY,39,64.75,77.25,0.951369401,26
cze052,50.577946,14.454158,399,410,PISY,39,65,73.75,0.929547942,26
cze053,50.595737,14.452868,382,393,PISY,39,63.75,76.25,0.90652804,26
cze054,49.184294,13.24032,978,1000,PCAB,39,66.75,80.75,0.929632532,26
cze055,49.198471,13.24376,1146,1161,PCAB,40,68.5,81.25,0.957296729,26
cze056,49.201473,13.248555,1214,1220,PCAB,40,68.25,80.75,0.913069956,25
cze057,49.22112,13.249751,1031,1053,PCAB,41,71.66666667,81.25,0.861172954,25
cze058,49.215391,13.243904,1129,1141,PCAB,41,70.5,80.75,0.900252211,26
cze059,49.211255,13.260087,1136,1147,PCAB,41,69.25,81.5,0.936883163,26
cze060,49.186427,13.285707,1040,1050,PCAB,41,68.66666667,79.75,0.959440166,26
cze061,49.193996,13.266417,1019,1028,PCAB,41,61.75,82.5,0.964479026,26
cze062,49.178167,13.257786,1109,1123,PCAB,41,66.75,81.75,0.943333122,26
cze063,49.183504,13.256809,1152,1156,PCAB,41,69.25,80.5,0.924711727,25
cze064,49.206101,13.227974,931,950,PCAB,41,70.66666667,80,0.891387545,23
cze065,49.187113,13.271311,1051,1061,PCAB,41,67.5,80.25,0.921069889,24
cze066,49.19193,13.286154,996,1012,PCAB,41,69,77.75,0.863947027,25
cze067,49.200382,13.272748,1041,1057,PCAB,41,74,80.5,0.941331458,26
cze068,49.195968,13.276581,986,1001,PCAB,41,59.25,82.25,0.885277611,25
cze069,49.196379,13.282692,972,981,PCAB,41,68,82.25,0.870008247,26
cze070,49.203006,13.28631,1006,1018,PCAB,41,70.66666667,82.25,0.935598666,26
cze071,49.211954,13.231562,979,997,PCAB,41,67,81.25,0.927896244,25
cze072,49.181807,13.292969,993,1002,PCAB,41,68.5,80.75,0.866172281,25
cze073,49.216004,13.283301,801,816,PCAB,41,71.25,80.25,0.907860725,26
czec003,48.6667,14.7,785,771,ABAL,30,61.5,77.5,0.896810487,28
czec004,48.6667,14.7,785,771,FASY,30,61.5,77.5,0.981465257,178
czec005,48.6667,14.7,785,771,PCAB,30,61.5,77.5,0.958434736,100
czec006,50.75,15.66,1350,1340,PCAB,39,26.75,75.5,0.994317828,143
czec007,50.73,15.67,1270,1461,PCAB,38,59.5,69.5,0.983875003,43
czec008,50.56,14.46,405,356,PISY,39,64,73.75,0.956452584,59
czec009,50.57,14.45,420,351,PISY,37,66.75,74.75,0.96181987,65
czec010,50.72,15.7,1270,1252,PCAB,38,35.25,68.25,0.970874269,28
czec011,49.048522,13.477984,1000,1021,PISY,38,67.5,77.5,0.95375578,42
czec012,48.87,13.79,950,825,PCAB,37,17.5,76.25,0.900449753,36
czec013,48.890576,14.354799,480,478,PISY,39,50.5,78.25,0.930081552,34
czec014,50.079523,17.214055,1300,1314,PCAB,38,63.25,74.5,0.979003407,44
czec015,50.850325,14.358207,200,225,PCAB,38,47.25,77.75,0.932528918,38
czec016,50.203864,16.845659,1300,1304,PCAB,31,60.33333333,68,0.988526143,41
czec017,49.203583,13.112284,1200,1208,PCAB,38,66.375,77.75,0.919772232,40
czec018,50.055243,12.776041,760,771,PISY,38,66.25,73,0.948299868,41
czec019,49.79232,15.7547,580,608,PCAB,39,66.5,74.5,0.943407409,42
czec020,49.316082,13.680751,470,477,PISY,39,66.5,73.75,0.933356096,43
czec021,50.043017,13.297917,460,507,PCAB,38,62.25,72.5,0.977754778,41
czec022,50.043017,13.297917,460,507,PISY,38,62.25,72.5,0.953847001,49
czec023,49.136701,13.502261,650,675,PCAB,38,58.25,76.75,0.957046811,40
czec024,50.889683,14.412967,425,424,PISY,38,67,79.75,0.958491927,46
czec025,50.756345,15.644769,1320,1314,PCAB,38,51.75,72.25,0.987446995,44
czec026,50.889617,14.2598,470,497,PCAB,38,54.25,76.75,0.960627507,35
czec027,50.15623,17.34525,940,934,PISY,38,67,74.75,0.928905601,50
czec028,50.192,16.089,275,278,QURO,35,62.5,70.75,0.903978212,22
czec029,50.393,14.073,225,219,QURO,35,55.75,74.25,0.929237206,28
czec030,50.431,14.278,160,167,QURO,35,65,74.75,0.961843683,24
czec031,50.447,14.293,160,169,QURO,35,58,73.5,0.932937472,27
czec032,50.336,14.483,170,168,QURO,33,38.75,74.75,0.9009377,23
czec033,50.467,14.327,160,166,QURO,35,51.75,71,0.891642161,24
czec034,50.295,16.063,255,263,QURO,33,51.25,70,0.929598252,22
czec035,50.093,15.94,277,283,QURO,36,37.25,73.25,0.954793358,29
deu306,52.441389,13.442778,,51,QUPE,36,41.75,67,0.950659968,21
deu317,53.334722,13.202778,,115,QUSP,36,71.5,80,0.960171387,26
deu319,47.644,12.771,920,942,PCAB,30,67.5,76,0.958153692,20
deu320,47.637,12.778,1220,1226,PCAB,30,66.75,73,0.955064197,20
deu321,47.634,12.782,1420,1450,PCAB,30,53.25,75.5,0.89786499,20
deu322,47.667,13.021,760,748,PCAB,28,63.75,73.5,0.899587584,20
deu323,47.667,13.021,760,748,ABAL,28,63.75,73.5,0.900051184,20
deu324,47.667,13.021,760,748,FASY,28,63.75,73.5,0.905945762,20
deu325,47.667,13.021,760,748,LADE,28,63.75,73.5,0.950136123,20
deu326,47.632,12.852,1040,1022,PCAB,28,70.25,75,0.852719974,20
deu328,47.632,12.852,1040,1022,FASY,28,70.25,75,0.8922612,20
deu329,47.632,12.852,1040,1022,LADE,28,70.25,75,0.900670527,20
deu330,47.656,13.022,1020,1038,PCAB,28,65.25,75.875,0.905115073,20
deu331,47.656,13.022,1020,1038,ABAL,28,65.25,75.875,0.888032811,20
deu332,47.656,13.022,1020,1038,FASY,28,65.25,75.875,0.890566714,20
deu333,47.648,13.02,770,776,PCAB,28,67,71.25,0.900811413,20
deu334,47.648,13.02,770,776,ABAL,28,67,71.25,0.865913632,20
deu335,47.682,12.875,1040,1065,PCAB,30,61.75,73.5,0.87772035,20
deu336,47.695,12.871,1330,1349,PCAB,30,64.75,75.75,0.929756872,20
deu337,47.696,12.875,1520,1525,PCAB,30,59.75,71.5,0.941059328,20
deu338,50.291,8.603,445,448,FASY,41,50.75,77.25,0.952993697,40
deu339,50.309,8.655,407,406,FASY,41,69.5,77.25,0.925581243,38
deu340,50.33,7.582,120,141,QUPE,38,57.75,75,0.986987608,98
deu341,50.012,8.19,144,145,PISY,39,53.25,69.75,0.976667926,77
deu342,50.01,8.196,142,144,PISY,39,46.25,67.25,0.980960247,101
deu343,50.012,8.177,179,173,FASY,39,58.25,74.75,0.978922504,127
deu344,47.574,12.803,960,969,PCAB,28,63,71,0.937941433,20
deu345,47.574,12.803,960,969,ABAL,28,63,71,0.891781618,20
deu346,47.574,12.803,960,969,FASY,28,63,71,0.921394827,20
deu347,47.561,12.815,1620,1599,PCAB,28,61.25,68.75,0.917580663,20
deu348,47.561,12.815,1620,1599,LADE,28,61.25,68.75,0.941560666,20
deu349,47.522,13.014,1670,1654,PCAB,28,61.25,69.25,0.926594148,20
deu350,47.522,13.014,1670,1654,LADE,28,61.25,69.25,0.946265439,20
deu351,47.511,13.017,1220,1233,PCAB,28,62,74,0.910943347,20
deu352,47.511,13.017,1220,1233,FASY,28,62,74,0.938596495,20
deu353,47.551,12.805,1560,1594,PCAB,28,55.75,69.75,0.877020954,20
deu354,47.551,12.805,1560,1594,LADE,28,55.75,69.75,0.935608002,20
deu355,47.584,12.889,1330,1319,PCAB,28,63.75,75.25,0.900919704,20
deu356,47.584,12.889,1330,1319,FASY,28,63.75,75.25,0.962427229,20
deu357,47.584,12.889,1330,1319,LADE,28,63.75,75.25,0.924414058,20
deu358,47.584,12.994,680,704,PCAB,28,67.5,78.75,0.937863826,20
deu359,47.584,12.994,680,704,FASY,28,67.5,78.75,0.92319483,20
deu360,47.557,12.804,1310,1308,PCAB,28,66.5,75.25,0.875857678,20
deu361,47.557,12.804,1310,1308,ABAL,28,66.5,75.25,0.912477329,20
deu362,47.557,12.804,1310,1308,FASY,28,66.5,75.25,0.942192684,20
deu363,47.557,12.804,1310,1308,LADE,28,66.5,75.25,0.940047154,20
deu364,47.568,12.825,1600,1566,PCAB,28,45,69.5,0.896197876,20
deu365,47.568,12.825,1600,1566,LADE,28,45,69.5,0.957151117,20
deu366,47.498,11.03,1400,1401,PCAB,30,55,70.5,0.862714894,20
deu367,47.498,11.03,1400,1401,PISY,30,55,70.5,0.891574441,20
deu368,47.498,11.03,1400,1401,ABAL,30,55,70.5,0.943691713,20
deu369,47.498,11.03,1400,1401,FASY,30,55,70.5,0.933156931,20
deu370,47.494,11.03,1220,1235,PCAB,30,67.5,75.75,0.900475803,20
deu371,47.494,11.03,1220,1235,PISY,30,67.5,75.75,0.910264132,20
deu372,47.494,11.03,1220,1235,ABAL,30,67.5,75.75,0.89961769,20
deu373,47.494,11.03,1220,1235,FASY,30,67.5,75.75,0.947462423,20
deu374,47.49,11.028,1020,1000,PCAB,27,62.25,76.25,0.861282723,20
deu375,47.49,11.028,1020,1000,PISY,30,62.25,76.25,0.9142949,20
deu377,47.49,11.028,1020,1000,FASY,30,62.25,76.25,0.943976061,20
deu380,47.485,11.026,838,841,ABAL,30,57.75,72.5,0.93927947,20
deu381,47.485,11.026,838,841,FASY,30,57.75,72.5,0.925029882,20
deu383,47.496,12.809,910,878,PISY,29,58.5,70.75,0.903799106,20
deu386,47.538,12.824,1530,1528,PCAB,28,53.75,71.75,0.915791305,20
deu387,47.538,12.824,1530,1528,LADE,28,53.75,71.75,0.916738263,20
deu388,47.511,12.778,1080,1060,PCAB,28,65.5,73.25,0.893699018,20
deu389,47.511,12.778,1080,1060,ABAL,28,65.5,73.25,0.865141091,20
deu390,47.511,12.778,1080,1060,FASY,28,65.5,73.25,0.929988012,20
deu391,47.511,12.778,1080,1060,LADE,28,65.5,73.25,0.94174335,20
deu392,47.51,12.784,1250,1232,PCAB,28,66.25,74,0.904237663,20
deu393,47.51,12.784,1250,1232,ABAL,28,66.25,74,0.87108589,20
deu394,47.51,12.784,1250,1232,FASY,28,66.25,74,0.911213071,20
deu395,47.51,12.784,1250,1232,LADE,28,66.25,74,0.927523481,20
deu396,47.61,11.812,1060,1066,PCAB,30,9.125,70,0.867160499,20
deu397,47.61,11.812,1050,1066,PCAB,30,9.125,70,0.938040763,20
deu398,47.61,11.812,1050,1066,ABAL,30,9.125,70,0.936139069,20
deu399,47.61,11.812,1050,1066,FASY,30,9.125,70,0.95496951,20
deu400,47.609,11.818,1015,1051,PCAB,30,36,70.75,0.925641056,20
deu401,47.609,11.818,1015,1051,ABAL,30,36,70.75,0.851577688,20
deu402,47.609,11.818,1015,1051,FASY,30,36,70.75,0.934511197,20
deu403,47.637,11.975,1270,1273,PCAB,29,66.5,74.5,0.932266205,20
deu404,47.637,11.975,1270,1273,ABAL,29,66.5,74.5,0.871467985,20
deu405,47.637,11.975,1270,1273,FASY,29,66.5,74.5,0.903650202,20
deu406,47.637,11.975,1270,1273,LADE,29,66.5,74.5,0.948463189,20
deu407,47.631,11.991,1110,1125,PCAB,29,57.875,71,0.912197678,20
deu408,47.631,11.991,1110,1125,PISY,29,57.875,71,0.891841676,20
deu409,47.631,11.991,1110,1125,ABAL,29,57.875,71,0.9593659,20
deu410,47.631,11.991,1110,1125,FASY,29,57.875,71,0.932241445,20
deu411,47.631,11.991,1110,1125,LADE,29,57.875,71,0.954245322,20
deu412,47.63,12.001,920,935,PCAB,29,42.75,72.5,0.902406876,20
deu413,47.63,12.001,920,935,PISY,29,42.75,72.5,0.937421596,20
deu414,47.63,12.001,920,935,ABAL,29,42.75,72.5,0.909408208,20
deu415,47.63,12.001,920,935,FASY,29,42.75,72.5,0.963209785,20
deu416,47.643,11.977,1450,1457,PCAB,29,49.25,73.25,0.911036008,20
deu417,47.589,12.995,690,698,PCAB,28,67.25,73.75,0.9439094,20
deu418,47.589,12.995,690,698,ABAL,28,67.25,73.75,0.943176714,20
deu419,47.589,12.995,690,698,FASY,28,67.25,73.75,0.910174233,20
deu421,47.477,11.31,1240,1291,PCAB,30,56.75,71.75,0.863897707,20
deu422,49.947608,10.8431,360,358,QURO,43,62.75,74.5,0.97867556,60
deu423,49.947608,10.8431,360,358,PISY,43,62.75,74.5,0.972438842,60
deu424,49.227608,10.558575,470,468,QURO,43,48.75,76,0.96164879,60
deu425,49.227608,10.558575,470,468,PISY,43,48.75,76,0.968649066,60
dza004,35.33,6.9,1756,1822,CDAT,32,2.5,2.5,0.990634903,76
dza005,35.57,6.04,1674,1859,CDAT,29,3.166666667,18,0.972122848,58
dza006,35.28,6.66,1413,1373,PIHA,31,0,3,0.989471219,41
dza007,34.55,2.8,1357,1319,PIHA,31,0,0,0.986146929,43
dza008,36.67,4.57,1080,1104,QUAF,25,46.25,62.75,0.914842952,20
dza009,34.81,3.25,1134,1109,PIHA,31,0,0,0.985437724,42
dza010,34.93,3.43,1223,1200,PIHA,31,0,0.5,0.983871163,41
dza011,35.13,6.62,1273,1245,PIHA,31,0.5,3.5,0.993670697,68
dza012,35.59,6.04,1876,1777,CDAT,31,13,38.25,0.968388674,43
dza014,35.21,6.47,1303,1471,PIHA,31,0,0.25,0.994221912,80
dza015,36.45,4.1,1460,1378,CDAT,31,19,51.66666667,0.964200177,78
dza016,34.56,2.78,1334,1295,PIHA,31,0,0,0.989653511,57
dza017,35.69,5.52,1751,1769,CDAT,31,0.25,5.5,0.97141994,77
dza018,35.3,6.49,1877,1935,CDAT,32,0.25,2.75,0.980349194,79
dza019,36.47,4,1443,1353,CDAT,25,1.333333333,57.66666667,0.932472733,38
dza020,36.42,2.88,1398,1373,CDAT,31,7.333333333,26.75,0.963072975,43
dza021,35.85,2,1560,1427,CDAT,31,6,16,0.979131796,76
dza022,35.31,6.63,2073,2046,CDAT,34,0,2,0.988116965,121
dza023,35.85,1.98,1452,1433,CDAT,32,2.5,11.75,0.98820811,77
dza024,36.47,4.01,1557,1483,CDAT,31,8,42,0.906952902,39
dza025,36.45,4.1,1558,1378,PINI,25,19,51.66666667,0.944404311,39
dza026,35.17,6.15,1704,1713,CDAT,32,0.25,0.916666667,0.979163746,40
dza027,36.43,4.2,1380,1202,CDAT,25,13.33333333,53.33333333,0.907758278,34
dza028,34.61,3.09,1386,1320,PIHA,31,0,0,0.991695381,79
dza029,36.47,4.02,1550,1656,CDAT,25,1.666666667,49,0.93621844,34
dza030,35.3,6.63,1970,1839,CDAT,31,0.75,2,0.982616518,64
dza031,35.38,6.96,1522,1507,CDAT,31,2.75,6,0.975577179,40
dza032,36.45,4.1,1697,1378,CDAT,29,19,51.66666667,0.960592096,39
dza033,34.53,3.01,1415,1398,PIHA,31,0,0,0.987659597,37
esp086,37.92,-2.83,1671,1743,PINI,34,4.25,45.5,0.949985606,29
esp087,37.7,-2.21,1444,1237,PIHA,34,14,23,0.967915397,42
esp088,37.32,-2.47,1133,1111,PIHA,35,6.75,19.75,0.983344895,45
esp089,37.94,-2.94,1237,1261,PINI,34,1,20,0.937757161,41
finl021,68.83,27.25,200,,PISY,21,25,64,0.961406225,31
finl041,61.92,29,,,PISY,22,8.5,69.5,0.930764876,33
finl042,61.8,29.3,,,PISY,22,0,65.25,0.942866621,35
finl043,61.93,28.98,,,PISY,21,61,69.25,0.933958668,22
finl044,61.87,28.82,,,PCAB,21,24,71,0.945277311,40
finl045,68.07,27.2,,,PISY,21,37.08333333,54,0.970290033,28
finl046,66.37,29.3,,,PISY,21,0,56.3125,0.968134263,33
finl047,68.92,28.48,,,PISY,21,38.3125,53.75,0.968616999,43
finl049,63.28,28.93,,,PISY,21,56,69.0625,0.95759116,38
finl052,63.1,29.63,,,PISY,21,0,74,0.941723724,33
finl054,67.22,26.82,180,,PISY,20,37.25,56.625,0.949952658,50
finl055,67.08,27.02,190,,PISY,20,28.125,54.29166667,0.985364889,131
finl056,61.93,25.72,140,,PISY,20,58.75,71,0.965346253,57
finl057,61.92,26.02,150,,PISY,20,0,16,0.981736174,126
finl069,67.56,24.3,450,,PISY,26,47.83333333,67.75,0.965611916,71
finl070,67.5,24.15,300,,PISY,26,23.33333333,51.25,0.963215843,52
finl071,67.5,24.15,300,,PISY,26,23.33333333,51.25,0.964219118,54
finl072,68.22,24.05,300,,PISY,26,45.75,61,0.970626004,59
finl073,68.22,24.05,300,,PISY,26,45.75,61,0.948674614,57
finl074,68.22,24.05,300,,PISY,26,45.75,61,0.95432453,35
finl076,68.93,28.42,150,,PISY,23,26.75,52.25,0.956866398,32
finl078,69.52,28.57,120,,PISY,31,17.8125,53.25,0.967103831,106
finl079,69.52,28.57,120,,PISY,31,17.8125,53.25,0.976849625,73
finl080,65.49,29.4,229,,PISY,31,39.33333333,64.5,0.979507005,95
finl081,65.49,29.4,229,,PISY,31,39.33333333,64.5,0.978908565,99
finl082,69.26,27.4,200,,PISY,31,22.75,56,0.978141938,138
finl083,69.26,27.4,200,,PISY,31,22.75,56,0.983527429,168
finl084,62.73,31.01,147,,PISY,31,60.5,72,0.957344697,86
finl085,62.73,31.01,147,,PISY,31,60.5,72,0.965229152,125
finl086,68.45,27.36,302,,PISY,31,29.5,54.5,0.967215204,84
finl087,68.45,27.36,302,,PISY,31,29.5,54.5,0.949005136,81
finl088,68.83,27.31,258,,PISY,31,23.75,54.5,0.981251838,120
finl089,68.83,27.31,258,,PISY,31,23.75,54.5,0.954085095,73
finl090,60.73,24.06,120,,PISY,31,50,57.5,0.969043982,92
finl091,60.73,24.06,120,,PISY,31,50,57.5,0.975141706,116
finl092,61.81,29.31,78,,PISY,31,61.125,70.375,0.982116156,83
finl093,61.81,29.31,78,,PISY,31,61.125,70.375,0.981257269,102
finl094,64.12,28.34,148,,PISY,31,0,23,0.953073601,92
finl095,64.12,28.34,148,,PISY,31,0,23,0.970443892,89
finl096,68.77,27.15,170,,PISY,35,0,0,0.980033839,70
finl097,68.77,27.15,170,,PISY,35,0,0,0.985492874,76
fra056,42.4,8.92,1475,1484,PINI,33,10.75,58,0.94281653,30
fra057,42.32,9.06,1651,1667,PINI,33,16,55,0.973422838,54
fra058,42.29,8.97,1490,1537,PINI,33,24,49.75,0.959018669,57
fra059,42.28,8.83,1433,1446,PINI,33,5.666666667,60.5,0.969304747,36
fra060,42.14,9.12,1481,1376,PINI,33,47.25,67,0.980792346,57
fran041,48,6.15,375,358,FASY,23,66,78.5,0.969870909,52
fran042,42.28,2.07,2400,1779,PIUN,24,7.5,38.25,0.944606749,69
fran043,42.85,0.15,2400,2420,PIUN,25,0.75,37.75,0.934285481,54
fran044,44.0833,7.4667,2230,2192,LADE,27,31.5,50,0.964904983,30
fran046,44.1,7.4667,2160,2374,LADE,27,2.5,30.75,0.987831747,78
fran047,42.4833,2.4167,2300,1930,PIUN,25,51.5,70.5,0.927840672,42
geor002,41.7167,43.4833,1850,1799,PISY,26,62.75,75.75,0.957282427,64
geor003,41.7167,43.5,1850,2097,PISY,26,10.5,52.25,0.935006605,48
geor004,41.7833,43.4833,1450,1511,PISY,26,47.5,74.5,0.971052436,45
geor005,41.8,43.45,1100,1205,PISY,26,9.75,66.5,0.963235072,58
geor006,41.6167,42.7167,2000,1925,PISY,26,57,69.5,0.910671777,31
geor007,41.6167,42.5167,1930,2242,ABAL,26,9,17.375,0.891024228,27
geor008,41.7667,43.5167,1850,1888,PISY,26,58.75,72.25,0.933340353,25
geor009,41.5833,42.75,1900,1562,PISY,26,56.5,68.25,0.869516541,28
geor010,41.8167,42.85,2010,1952,PISY,26,54.25,71.5,0.948792805,55
germ057,49.2,12.38,450,423,PCAB,21,62.375,73,0.964387215,30
germ058,49.18,12.65,500,424,PCAB,21,5.25,67.625,0.93494425,30
germ217,53.223,14.13,,23,FASY,29,60.5,75.25,0.973848756,48
germ218,53.223,14.13,,23,QURO,29,60.5,75.25,0.964170754,48
germ219,53.417,13.033,,91,FASY,29,61.5,79.5,0.969370057,48
germ220,53.417,13.033,,91,QURO,29,61.5,79.5,0.970988002,49
germ221,53.485,10.915,,54,FASY,29,56.75,74.25,0.955016585,46
germ222,53.485,10.915,,54,QURO,29,56.75,74.25,0.925687906,44
germ223,50.8776,11.2105,,368,PSME,35,67.16666667,76.25,0.993525256,281
germ224,48.3,7.93,,213,FASY,33,6,42,0.953866644,60
germ225,51.43,12.79,,195,FASY,33,14.75,58.25,0.963727642,59
germ226,51.5,9.78,320,362,QUPE,22,4.75,63.25,0.975295093,45
germ227,51.0756,8.04,550,550,PCAB,31,67.5,75,0.977303523,92
germ228,49.6253,7.91472,676,679,ABAL,29,66.75,77.25,0.959335388,35
germ229,49.72973,7.0896,750,815,PCAB,29,4.5,74.5,0.964967387,57
germ230,50.22194,8.4472,819,818,PCAB,29,46.5,75.25,0.959524988,59
germ231,50.05,8.01,500,574,ABAL,29,67.75,74.75,0.944979529,22
germ233,50.05,8.01,500,574,PCAB,29,67.75,74.75,0.956053081,43
germ234,50.04925,8.0083,540,567,PCAB,32,67.625,74,0.980993004,91
germ235,50.294286,7.00666,519,501,PCAB,32,65.625,76.75,0.978544792,96
germ236,50.0553,7.5103,450,460,PCAB,29,10,22.25,0.971069608,40
germ237,50.0553,7.5103,450,460,PCAB,30,10,22.25,0.978003194,73
germ238,49.34444,8.11555,490,460,PCAB,31,63.25,75.25,0.968408492,79
germ239,49.336478,8.336041,106,117,PISY,31,57,72.25,0.958417491,70
germ240,49.29578,7.32473,340,320,PCAB,30,59.75,74.5,0.962341889,40
germ241,50.4393,7.75555,420,433,PCAB,30,66.5,74.5,0.924382446,50
germ242,50.68778,7.94889,490,498,PCAB,30,67.25,74,0.989509186,85
germ243,50.4393,7.75555,420,433,PCAB,30,66.5,74.5,0.977012757,80
germ244,50.81,7.97416,440,471,PCAB,30,57.25,73,0.975625212,90
germ245,50.69063,8.159,530,525,PCAB,32,65.25,77,0.977703413,93
germ246,50.70145,8.2329,334,332,PCAB,32,45.5,75.25,0.985874049,109
grc021,35.23,24.1,1050,773,PIBR,29,1.25,30,0.948461362,38
grc022,35.23,24.07,800,627,PIBR,29,27.5,36.5,0.961818634,37
grc023,37.85,22.36,1370,1278,ABCE,31,65,71.75,0.930357131,48
grc024,40.08,22.37,2130,2191,PIHE,30,13.33333333,27.5,0.956476057,64
grc025,37.96,22.4,1590,1659,PINI,31,31.5,58.25,0.955993192,55
grc026,35.3,23.92,970,1439,PIBR,29,4.125,38.75,0.950269525,38
grc027,39.92,21.13,1550,1662,PINI,30,14.33333333,71.5,0.979539718,107
grc028,40.092192,22.321162,1700,1729,PINI,30,58.25,71.5,0.970928017,80
grc029,40.050041,22.497186,850,828,PINI,30,43,62.33333333,0.979799404,87
grc030,40.042421,22.474153,1300,1327,PINI,30,62.33333333,64,0.969122474,61
grc031,40.036644,22.456621,1600,1565,PINI,30,28,62,0.976578555,72
grc032,40.143893,22.406005,1100,1098,PINI,30,11,57.5,0.986923188,83
grc033,40.135815,22.36678,1050,1021,PINI,30,10.33333333,67,0.978113485,59
grc034,40.093058,22.308132,1500,1533,PINI,30,24.5,74.75,0.963815695,63
gree008,40.3,20.9,1500,1768,PINI,23,11,68.75,0.925437287,31
gree013,40.0688,20.9068,2050,1806,PIHE,35,30,55.5,0.972592754,68
gree014,40.0688,20.9068,2050,1806,PIHE,34,30,55.5,0.973315568,59
gree015,40.0688,20.9068,2050,1806,PIHE,35,30,55.5,0.966297866,54
gree016,40.0688,20.9068,2050,1806,PIHE,34,30,55.5,0.97256397,49
gree017,40.0688,20.9068,2050,1806,PIHE,35,30,55.5,0.93953152,38
gree018,40.0688,20.9068,2050,1806,PIHE,35,30,55.5,0.940716935,39
gree019,40.0688,20.9068,2050,1806,PIHE,35,30,55.5,0.931389447,27
gree020,40.0688,20.9068,2050,1806,PIHE,35,30,55.5,0.8840646,21
ita056,45.77,7,1090,1383,PISY,25,23.625,45.25,0.960334636,75
ita057,45.72,7.73,1115,1344,PISY,26,35,60.5,0.945255091,41
ita058,45.77,7.57,985,1451,PISY,26,55.75,68.25,0.971412747,56
ita059,45.77,7.58,1350,1587,PISY,26,61,69.5,0.964413263,70
ita066,45.82,7.55,2050,2189,LADE,39,14.5,58.25,0.939025045,20
ita067,39.13,16.67,1625,1593,PILA,34,63.625,75.25,0.940716067,37
ita068,38.15,15.96,1568,1578,PILA,34,40.25,70.75,0.958490303,44
ita069,38.16,15.93,1736,1745,PILA,34,10.5,71.25,0.964055508,46
ita070,38.16,15.94,1729,1496,ABAL,34,44.75,72,0.946672418,39
ita071,39.42,16.58,1566,1573,PILA,34,61,74.25,0.926841982,53
ita073,46.27203539,10.70729106,1988,1976,LADE,35,42,70,0.951557123,28
ita074,46.269327,10.69004414,2155,2096,LADE,36,48.75,67.75,0.972549371,25
ita075,45.22828,8.26044,170,159,QURO,43,52,70.75,0.858438094,21
ital028,42,14,2000,884,PIMU,27,4.5,25,0.885598563,47
ital034,43.7,10.3,10,2,PIPI,22,47,69,0.967169637,79
ital035,43.7,10.3,10,2,PIPN,22,47,69,0.981028341,89
ital036,44.1,11.7333,983,490,FASY,22,10.5,60.25,0.904661342,29
ital037,44.0833,11.75,1019,353,FASY,22,12.91666667,59.66666667,0.930985959,30
ital038,44.0833,11.7667,1075,429,FASY,22,14.75,62.75,0.951690934,36
ital039,44.0833,11.7833,1045,625,FASY,22,4.083333333,35,0.946039547,34
ital041,46.0894,10.5683,1990,1959,LADE,28,28,71,0.933332323,22
ital044,41.8833,14.35,,1026,HEHE,33,64,76.125,0.862179279,53
ital045,41.8833,14.35,,1026,QUCE,33,64,76.125,0.971162922,59
ital046,37.805,15.041,1850,1850,PINI,33,17.66666667,57,0.973158178,103
ital047,37.765,15.065,1700,1616,PINI,33,45,69.25,0.947919092,53
ital048,37.785,15.055,1600,1643,PINI,34,46.5,65.5,0.957212069,73
ital049,37.735,14.92,1670,1608,PINI,34,59.66666667,66.25,0.960653897,50
ital050,46.33295,10.6649,2008,2182,LADE,35,59.75,67.25,0.972381484,23
ital054,43.944,10.1914,1,13,PIPN,35,62.66666667,73,0.954240492,69
lbn007,34.31,35.99,1640,1560,CDLI,30,2.25,15.75,0.890317008,38
lbn010,34.48,36.23,1559,1561,CDLI,29,1.75,12,0.883320882,37
lbn011,34.22,35.86,980,961,PIPN,31,2.5,16.25,0.908116227,37
lbn012,34.21,35.93,1760,1746,CDLI,31,13.25,17,0.968563926,53
leba001,33.68,35.68,1775,1314,CDLI,22,0,5.75,0.937217507,31
leba004,34.23,36.03,1900,1861,CDLI,22,3.75,8.5,0.956654696,39
leba005,34.13,35.82,1780,1491,CDLI,22,4.5,10.75,0.948875984,51
lith011,55.07,22.48,25,31,QURO,22,44.75,77.5,0.864063528,20
lith012,55.97,21.08,12,-1,PISY,22,15.75,70,0.860085999,39
lith013,55.43,26.03,140,166,PISY,23,63.25,73.5,0.976043387,93
lith014,54.82,23.43,60,56,LADE,26,4.75,65.75,0.92971524,20
lith016,53.93,23.72,100,115,LADE,26,62.91666667,69.5,0.941829451,20
lith017,54.68,23.5,60,70,LADE,26,4.75,20.5,0.948334725,22
lith019,54.4,22.98,130,233,LADE,26,12,75.5,0.95157891,24
lith020,54.57,23.87,90,89,LADE,26,3.75,66.75,0.946218224,24
lith021,54.4,23.45,140,119,LADE,26,6.375,65.625,0.939121345,25
lith023,55.1,24.48,40,74,LADE,26,5.25,62.5,0.962047885,20
mar026,35.9,-5.47,900,160,PIPI,24,4.333333333,32.25,0.93618177,39
mar027,35.03,-4.98,1800,1787,CDAT,24,16,51.5,0.966270929,40
mar028,32.38,-5,2543,2711,CDAT,31,0.5,0.5,0.984210272,56
mar029,33.24,-5.23,1986,2031,CDAT,31,2,6,0.958888331,43
mar030,34.96,-4.66,1655,1581,CDAT,31,1.25,21.5,0.951647632,34
mar031,32.45,-5.32,2175,2365,CDAT,24,0,0,0.960290255,22
mar032,34.91,-4.6,1832,1918,CDAT,31,5.75,12.25,0.925621393,36
mar033,33.38,-5.12,1889,1912,CDAT,31,1.5,3.75,0.956279126,44
mar034,33.78,-5.03,1825,1051,CDAT,24,0.25,2.25,0.913285954,30
mar035,32.53,-4.9,2118,2222,CDAT,31,0.5,1,0.976877648,51
mar036,34.91,-4.6,1792,1918,CDAT,31,5.75,12.25,0.963133483,40
mar037,34.02,-2.88,1084,1076,PIHA,33,1,1.5,0.988563771,40
mar038,34.69,-2.64,820,765,PIHA,31,0.75,1.5,0.986169939,33
mar039,35.17,-5.13,1350,1409,PINI,25,0.5,12,0.887214729,28
mar040,33.19,-5.33,1813,1850,CDAT,31,3,6.25,0.95084574,38
mar041,33,-5.24,2060,1951,CDAT,31,1.25,2.5,0.962786777,55
mar042,32.8,-5.23,1824,1842,CDAT,31,0.5,2.25,0.971298985,40
mar043,34.08,-4.18,1875,1769,CDAT,31,4,17.75,0.974282647,68
mar044,32.75,-4.05,1875,1192,CDAT,24,0,0.75,0.961915858,34
mar045,35.27,-5.11,1636,1631,ABMA,32,40,64.25,0.950792519,40
mar046,35.18,-5.2,1775,1322,ABMA,24,33,65.25,0.861346519,37
mar048,32.47,-5.33,2150,2169,CDAT,31,0,2,0.973263194,45
mar049,32.98,-5.07,2203,2203,CDAT,31,2,5.5,0.978829135,76
morc015,35.083,-5.466,900,256,PIPI,24,10.5,34.75,0.93618177,39
morc016,32.4667,-5.0167,1900,2961,CDAT,23,0,0.75,0.96278731,45
morc018,32.9667,-5.0667,2200,2008,CDAT,21,0.25,2.25,0.982935472,92
morc020,33.4,-5.1667,1830,1916,CDAT,21,1.25,4.5,0.948332578,39
morc021,32.5333,-4.9167,2200,2562,CDAT,21,0.5,0.5,0.975785376,28
morc022,32.4167,-5.3333,2100,2030,CDAT,21,0.25,1.5,0.97007438,37
morc023,33.1,-4.9,2180,2143,CDAT,21,0,0.75,0.927529726,29
morc024,35.17,-5.21,1850,1486,PINI,31,14.5,62.5,0.903706218,34
morc025,32.97,-5.07,2200,2087,CDAT,20,2.25,4.25,0.966198241,35
nor031,69.3,25.2,,,PISY,42,10.35,26.50833333,0.948947205,25
norw007,69.42,25.63,350,,PISY,21,9.395833333,34.20833333,0.963159437,37
norw019,68.86,19.59,320,,PISY,33,23.25,50.5,0.971222188,76
norw020,68.86,19.59,320,,PISY,33,23.25,50.5,0.967778804,101
norw021,69.06,19.34,151,,PISY,34,21.25,46,0.933150599,67
norw022,69.06,19.34,151,,PISY,34,21.25,46,0.963306337,70
norw023,69.36,18.73,90,,PISY,34,47.375,58.375,0.958594202,63
norw024,69.36,18.73,90,,PISY,34,47.375,58.375,0.963337612,65
norw025,68.57,16.06,345,,PISY,33,0,4.25,0.949800733,79
norw026,68.57,16.06,345,,PISY,33,0,4.25,0.938214534,65
norw027,69.35,20.32,72,,PISY,33,33.625,65,0.954379522,96
norw028,69.35,20.32,72,,PISY,33,33.625,65,0.974977575,104
norw029,69.92,23.11,73,,PISY,35,22.66666667,34.33333333,0.9652591,70
norw030,69.92,23.11,73,,PISY,35,22.66666667,34.33333333,0.980285961,91
pola022,49.5833,19.05,1300,620,PCAB,24,49.75,72.75,0.972360243,41
pola023,49.2833,19.0833,1000,761,PCAB,24,55.125,76.5,0.94995147,50
pola024,49.2833,19.0833,1000,761,ABAL,24,55.125,76.5,0.950134629,42
pola025,49.25,20.0333,1420,1575,PCAB,24,68.33333333,76,0.932099945,36
pola026,49.2333,20.0833,1300,1204,PCAB,24,66.75,74.25,0.899469374,38
pola027,49.25,20.0333,1480,1575,PCAB,24,68.33333333,76,0.957813416,54
pola028,49.25,20.0667,1350,1551,PCAB,24,48.5,76,0.860314977,24
pola029,49.55,20.1333,1100,1121,PCAB,23,63.91666667,77.5,0.947465879,21
pola030,49.5167,19.0333,1300,560,PCAB,24,10,70.5,0.966637871,57
pola032,49.2333,20.0833,1210,1204,PCAB,20,66.75,74.25,0.960571428,81
pola037,49.25,20.0167,1500,1384,PCAB,24,70.125,75.125,0.971533234,78
pola038,50.12,20.38,190,181,PISY,23,6,59.75,0.895341312,20
roma008,46.95,25.95,1790,1769,PCAB,24,70.5,75.5,0.968234172,80
roma009,45.6167,24.0667,1500,845,PCAB,24,71.75,77.5,0.924167827,73
roma010,45.35,22.7667,1640,1534,PCAB,24,69.33333333,77.375,0.963321695,52
roma011,47.87,26.34,,333,FASY,33,44.5,75.75,0.981811962,60
roma012,47.7,23.6,,716,FASY,33,64,79.75,0.935306292,29
rus315,57.2524,39.1637,138,138,PISY,33,63.75,74.5,0.929721295,25
rus316,43.298383,41.57085,1889,1871,PCAB,31,53.25,74,0.895753543,43
rus317,64.05,40.4,,,MIXD,40,52.58333333,73.33333333,0.951469656,47
rus318,65.18,35.97,10,,PISY,30,38.33333333,69.5,0.914416186,24
rus319,65.15,35.8,10,,PISY,31,28.875,69.5,0.920797503,23
rus320,65.09063,35.66825,20,,PCAB,36,0,73.25,0.954962912,36
rus321,65.03915,35.64086,9,,PCAB,36,22.25,68.5,0.921685064,29
rus322,65.03915,35.64086,9,,PISY,36,22.25,68.5,0.936469476,41
rus323,43.404317,41.310967,1714,1854,PCAB,31,58.25,73.25,0.875057041,23
rus325,43.718631,40.205083,1806,1804,FAOR,31,72.5,79.75,0.918178192,20
rus326,42.8548,43.708,2015,2036,PISY,34,45,69.75,0.929414718,34
rus328,50.7299,46.6695,60,66,QURO,28,2.5,5,0.91485628,29
rus330,53.9633,35.8131,166,163,PCAB,34,24.25,72.08333333,0.906643605,25
rus332,64.694833,43.188444,29,,LASI,32,65,82.75,0.901876255,31
rus333,58.8661,44.2336,141,140,PISY,32,65.08333333,71.75,0.8656999,21
rus334,54.529614,36.200908,183,178,PISY,33,59.5,75.25,0.88728402,33
rus336,43.43025,41.70855,2285,2384,PISY,29,25,68.5,0.927964457,63
rus338,58.982,44.379,200,200,PCAB,29,61.16666667,67.5,0.879075707,21
rus340,60.16,38.84,138,,PISY,29,59,70.5,0.941629967,26
rus341,58.1505,44.4952,100,103,QURO,32,63,74.25,0.910556687,28
rus342,42.8944,43.590667,2356,2330,PISY,28,42.75,72.5,0.858160331,25
rus344,57.345825,36.618622,155,155,PISY,34,62.625,71,0.917684455,22
rus345,56.458,32.958888,244,243,PCAB,34,63.75,73.25,0.94762897,37
rus346,55.2372,40.0368,125,128,PISY,34,58.75,73,0.90450945,30
rus347,55.733765,36.840801,167,170,PISY,34,12.25,70.75,0.919972148,31
rus348,55.696133,36.727998,199,202,PCAB,33,57.5,72.25,0.95544787,34
rus349,54.9123,37.6564,181,182,PISY,34,62,71.75,0.934107476,33
rus351,54.049325,35.830665,154,155,PISY,30,25.45833333,68.25,0.935665187,20
rus355,57.0491,32.733,224,225,PISY,30,11,75.5,0.880302853,20
rus357,65.07,35.825,,,MIXD,27,25.25,67.66666667,0.903521033,34
rus358,55.3,49.26,66,67,PISY,34,59.33333333,66.5,0.937431946,28
rus359,55.3,49.26,75,67,PISY,34,59.33333333,66.5,0.936506333,30
rus360,51.201134,40.19928,94,100,PISY,34,24,72.25,0.948487792,33
rus361,53.03,52.11,83,110,PISY,34,56.66666667,70,0.90410472,22
rus362,52.95386,52.05854,79,80,PISY,35,40.33333333,67.66666667,0.972616703,41
rus363,53.406382,49.973071,162,204,PISY,35,45,70.25,0.981370416,42
rus364,53.44,49.78,342,212,PISY,34,54.33333333,71,0.959419145,36
rus365,54.426754,52.757354,240,248,PISY,34,43.625,66.83333333,0.959174994,29
rus366,53.32105,46.89051,257,259,PISY,34,20.5,73,0.945299247,33
rus367,53.36332,46.89575,292,305,PISY,34,59.5,69.75,0.933745936,30
rus368,52.46,39.69,136,134,QURO,34,58,66.75,0.913210357,24
rus369,52.36,42.6,128,133,PISY,35,41,68,0.945193126,27
rus370,54.9,47.51,200,201,PISY,37,55.375,68,0.966049919,45
rus371,55.04159,46.59458,87,91,PISY,35,59.75,69,0.948710483,43
rus372,52.5,48.04,270,245,PISY,35,53,62.91666667,0.940835618,35
rus373,52.58,48,256,169,PISY,35,2.166666667,7.333333333,0.972114859,41
rus374,55.90901,48.73328,86,85,PISY,36,65.75,70.25,0.933246316,27
rus375,55.90783,48.73229,79,75,PISY,36,8.5,70,0.944909192,27
rus376,43.260768,42.518934,2470,2295,PISY,29,6,66.5,0.863245367,24
rus377,53.9781,37.1162,180,230,QURO,34,58.66666667,72.25,0.960765457,32
rus378,50.604055,35.981444,165,166,QURO,34,39,69,0.96183636,27
rus379,50.616417,35.938639,148,149,PISY,34,43,68.5,0.935883594,33
rus382,53.98837,37.25537,175,176,QURO,34,39,59,0.917101913,27
rus383,56.54353,44.79688,108,101,PISY,34,44.5,68.75,0.93849741,33
rus384,56.54353,44.79688,108,101,PISY,34,44.5,68.75,0.895272207,21
rus385,56.049361,48.461694,87,86,PISY,34,60.33333333,65.5,0.928857795,42
rus386,54.770816,43.404883,180,180,PISY,34,65.625,74.25,0.933953646,38
russ181,64.95,30.2,,,PISY,21,41.45833333,68.75,0.905490302,32
russ182,68.65,31.67,,,PISY,21,5.854166667,60.58333333,0.950862147,24
russ269,56.471,32.957,245,252,PCAB,28,69.75,75.75,0.97016253,91
russ270,56.471,32.957,245,252,PISY,28,69.75,75.75,0.891912181,29
russ271,61.993,34.131,160,,PCAB,28,0,70,0.957235823,30
russ272,61.993,34.131,160,,PISY,28,0,70,0.93177343,20
russ273,58.642,49.294,160,110,PCOB,29,55,71.25,0.946776756,77
russ274,58.642,49.294,160,110,PISY,29,55,71.25,0.936390765,47
russ275,58.896,44.079,150,155,PCAB,29,60,72,0.916214058,25
russ276,58.896,44.079,150,155,PISY,29,60,72,0.923660401,36
russ277,54.876,37.619,145,171,PCAB,28,59.33333333,72.75,0.943780285,20
russ278,54.876,37.619,145,171,PISY,28,59.33333333,72.75,0.959765326,81
russ279,64.589,43.176,60,,LASI,29,69.25,79.25,0.896855625,21
russ280,64.589,43.176,60,,PCOB,29,69.25,79.25,0.949699295,68
russ281,64.589,43.176,60,,PISY,29,69.25,79.25,0.966848753,69
russ282,53.91,35.825,160,201,QURO,35,65.08333333,77.25,0.978531275,97
russ283,53.91,35.825,160,201,FREX,37,65.08333333,77.25,0.965946457,41
slov004,46.307071,15.509417,130,314,QURO,32,55.875,74.75,0.955388576,34
spai059,39.28,-1.35,705,718,PIPN,21,12.25,20.25,0.960804275,30
spai060,40.3833,-0.6833,1580,1647,PISY,28,29.25,57.25,0.956615854,23
spai061,40.3833,-0.7,1520,1535,PISY,28,18.75,49,0.976358825,52
spai062,40.35,-0.6833,1500,1443,PISY,28,5.75,42.25,0.928091489,31
spai063,40.35,-0.7,1660,1474,PISY,28,6,60.25,0.914876643,29
spai064,42.3167,-0.4,1470,1240,QUFG,27,9,58,0.954302536,20
spai067,41.8167,-0.5,550,572,QUFG,27,16.25,42.75,0.992078135,52
spai068,40.6644,-4.1636,1350,1435,PINI,28,8.25,65.25,0.956319421,39
spai070,42.1,-1.1333,1400,337,PISY,25,0.5,2.75,0.929519286,28
spai071,40.7853,-4.0392,1850,2057,PISY,28,15.5,42,0.904882848,26
spai072,40.7875,-4.0411,1850,1951,PISY,28,36.75,54.75,0.962441843,72
spai073,42.8,-0.7333,1600,1079,PIUN,25,20,64.875,0.924465994,32
spai079,37.23,-2.46,1850,1594,PINI,29,6.75,20.5,0.900323662,22
spai081,37.67,-2.21,1800,1951,PINI,29,3.25,6.25,0.919143833,32
spai082,37.8,-2.95,1816,1788,PINI,22,0.25,9.25,0.953924408,40
spai083,43.07,-5.25,1600,1656,PISY,22,43.25,70.5,0.924305743,28
spai084,42.23,1.7,2100,2025,PIUN,23,32.5,74.25,0.931770046,45
svk001,49.15,20.0667,1450,1754,LADE,24,17.5,77.25,0.976499784,55
svk002,48.9333,19.6,1450,1505,PCAB,24,34.5,75.75,0.947098743,99
svk005,48.8667,19.6,800,664,PCAB,23,7.25,75.25,0.91453604,22
svk006,48.9167,20.2833,800,777,PISY,26,59.5,77.5,0.965397162,81
svk007,48.934338,19.605071,1450,1448,PCAB,39,39.75,74.75,0.946077606,43
svk008,48.9533,20.42888,540,550,PCAB,38,60.33333333,75.75,0.946843316,41
svk009,49.216688,20.162643,1400,1406,PCAB,38,66.5,75.75,0.966553243,58
svk010,48.95328,20.44128,550,575,PISY,39,64.66666667,75.5,0.965484298,58
svk011,49.12258,19.16267,620,641,PISY,39,48.5,76.5,0.949819255,43
svk012,49.234797,20.321719,950,968,PISY,40,35.75,76.25,0.941275367,42
svk013,48.985789,19.222849,1450,1457,PCAB,38,64,72.5,0.968564039,48
svk014,49.149928,20.259371,910,912,PISY,39,44.75,57.75,0.952606854,44
svk015,49.01488,19.157253,1100,1114,PISY,38,69.25,77.5,0.949168678,43
svk016,48.93609,20.3111,910,920,PISY,39,61.75,77,0.94491904,51
swed307,58.95,15.03,130,140,PISY,24,62.25,66.33333333,0.933436206,20
swed311,59.2,18.7,35,30,PCAB,24,58.33333333,73,0.913046162,30
swed312,60.45,14.73,200,,PCAB,25,55.33333333,68.83333333,0.937883429,49
swed313,56.77,16.55,30,16,PISY,26,58.25,75.25,0.93993238,24
swed330,67.9,20.1,430,,PISY,26,16.125,43.875,0.976070445,100
swed331,67.9,20.1,430,,PISY,26,16.125,43.875,0.981421134,82
swed332,68.2,19.8,390,,PISY,26,26.83333333,65.125,0.981291584,94
swed333,68.2,19.8,390,,PISY,26,26.83333333,65.125,0.971619275,76
swed340,66.65,20.11,302,,PISY,33,40.25,68.25,0.945567712,86
swed341,66.65,20.11,302,,PISY,33,40.25,68.25,0.975204897,116
swed342,67.9,20.1,451,,PISY,29,16.125,43.875,0.980034325,68
swed343,67.9,20.1,451,,PISY,29,16.125,43.875,0.970175127,60
swed344,59.44,17.99,20,29,PISY,29,38.75,70.75,0.957814634,67
swed345,59.44,17.99,20,29,PISY,29,38.75,70.75,0.9690975,58
swit188,46.3,7.57,580,545,PISY,27,1,63.5,0.962073187,48
swit189,47.03,9.07,1500,534,PCAB,27,15,75,0.865423063,23
swit209,46.3833,8.1,1450,1252,PISY,25,5.75,54,0.921205742,45
swit219,46.4833,9.8833,1800,2210,PICE,22,10.75,64,0.973266999,148
swit224,46.15,8.9931,570,529,CASA,20,62.66666667,74.75,0.961986839,24
swit226,46.15,8.9931,760,529,PCAB,20,62.66666667,74.75,0.903314015,21
swit228,46.15,8.9931,580,529,PISY,20,62.66666667,74.75,0.962137508,22
swit230,46.35,8.6,900,593,QUPE,22,52.75,70.5,0.961158959,54
swit231,46.3833,8.1,1080,1252,PISY,25,5.75,54,0.982577319,49
swit255,46.3,7.7167,900,790,LADE,25,42.25,71.25,0.972886577,35
swit256,46.3,7.7167,900,790,PCAB,25,42.25,71.25,0.938325329,23
swit258,47.0458,8.7133,1200,1193,PCAB,21,65.25,76.25,0.925596292,30
swit260,46.2,7.7167,1500,2645,LADE,25,3.75,12.75,0.961875617,55
swit272,46.4333,9.7833,2100,1972,LADE,31,56.75,68.75,0.943981419,21
swit279,46.59,7.98,1850,1884,PCAB,31,34,69,0.927277052,27
swit281,46.54,8.83,1920,1788,PICE,32,11.25,67.25,0.877832708,24
swit293,46.4667,7.85,2200,2866,LADE,24,0,14.66666667,0.955319999,29
swit311,46.2,7.15,1500,1689,LADE,25,55,73.75,0.93602274,42
swit312,45.9833,8.8639,630,520,CASA,23,62.25,77,0.942850599,92
swit313,45.9833,8.8639,631,520,CASA,24,62.25,77,0.962333024,130
swit320,46.15,7.2167,860,1088,LADE,25,62,71.75,0.964041438,28
swit321,46.15,7.2167,860,1088,PISY,25,62,71.75,0.946975865,27
swit327,46.3833,8.1,1260,1252,LADE,25,5.75,54,0.97712665,36
swit328,46.3833,8.1,1260,1252,PISY,25,5.75,54,0.961254619,32
swit329,46.2667,7.0333,1440,658,PCAB,25,12.875,75,0.939114171,32
swit330,46.2667,7.0333,1440,658,PISY,25,12.875,75,0.888008652,32
swit331,46.4589,9.1833,1660,1677,LADE,25,53.5,71,0.968384747,20
swit332,46.4589,9.1833,1660,1677,PCAB,25,53.5,71,0.916495575,20
swit335,47.2694,8.5608,580,576,QUPE,26,67,77,0.940087883,28
swit336,46.4667,9.7833,2100,2230,PICE,22,2.5,11.5,0.96251006,156
swit337,46.4833,9.8833,2200,2210,PICE,21,10.75,64,0.977036588,137
swit344,46.185,8.8817,560,555,CASA,26,54,75.25,0.936079501,43
swit345,46.185,8.8817,560,555,FASY,27,54,75.25,0.924081306,36
swit346,46.185,8.8817,560,555,QUPE,26,54,75.25,0.953293021,48
swit347,46.6833,10.3667,2200,2180,PICE,22,59.5,65,0.985373789,162
swit348,46.5,8.7667,1400,1344,PISY,22,25.75,67.5,0.945133812,53
swit368,47.22852,8.92916,472,499,PCAB,36,68.5,75.75,0.921019471,27
swit369,47.28673,8.95479,1106,1123,PCAB,36,66,75.25,0.901978173,24
swit370,47.25386,8.93852,618,636,PCAB,36,62.5,74.5,0.883375733,26
swit371,47.16697,8.72347,829,858,PCAB,36,45.75,72.5,0.936623019,31
swit373,46.92306,9.16675,1180,1193,PCAB,35,55.5,78.25,0.921095192,25
swit375,47.00433,9.10381,1022,1037,PCAB,36,53,70.25,0.934594954,23
swit376,47.0316,9.0611,627,646,PCAB,34,69.25,77,0.941757249,30
swit377,47.06697,8.82121,1000,1006,PCAB,36,69.5,76.25,0.920508652,30
swit378,47.00137,9.09612,845,878,PCAB,36,61,75,0.957045871,30
swit379,46.93025,9.21343,1723,1733,PCAB,35,68,73.75,0.926516322,32
swit380,47.2525,9.04131,856,874,PCAB,36,70.25,75.75,0.894088892,30
swit381,47.24067,8.56923,646,669,PCAB,34,69.5,76,0.940719592,30
swit382,46.89649,8.9425,1707,1718,PCAB,35,44,71.75,0.934166759,29
swit383,47.2699,8.524,861,875,PCAB,37,66.5,75.75,0.934344634,60
swit388,46.765405,9.435872,820,806,PISY,29,21.75,66.25,0.924186516,25
swit408,46.555732,9.607258,1750,1777,PCAB,36,66,77,0.945387012,71
swit410,46.770948,9.877178,1830,1815,PCAB,36,64.75,70.5,0.952586143,67
swit412,46.817786,8.24053,2000,1817,PCAB,29,31.25,69.5,0.961503446,62
syri001,35.6,36.22,1450,1520,CDLI,21,0,18.5,0.879511064,20
syri002,35.57,36.2,1450,1228,ABCI,21,1.5,30.25,0.875507629,32
syri003,35.78,36.02,480,418,PIBR,21,5,48.75,0.857301413,40
tun004,36.19,8.35,793,753,PIHA,32,0,5.75,0.978471652,36
tun005,35.84,9.35,947,920,PIHA,31,0.5,3.5,0.986256048,36
tun006,36.78,8.78,556,508,QUCA,31,11.5,65,0.928272896,33
tun007,37.25,9.92,32,10,PIHA,32,20.25,34.5,0.973195718,40
tun008,36.11,8.5,376,377,PIHA,31,0.75,3.25,0.989734719,56
tun009,36.32,8.44,537,542,PIHA,33,5,56.25,0.946898631,35
tun010,35.64,8.94,1024,956,PIHA,31,1.75,6.75,0.988973311,39
tun011,35.63,8.96,1105,1052,PIHA,32,2.75,5.25,0.984797141,39
tun012,35.58,8.93,1050,1079,PIHA,24,4.5,8.75,0.985748531,38
tuni001,36.4833,8.3,700,700,QUCA,23,2.333333333,54.33333333,0.950849398,30
tuni003,35.85,9.3,800,810,PIHA,23,0,1.25,0.950429634,24
tur056,40.27,42.73,2500,2636,PISY,21,4.75,19.25,0.951171198,68
tur057,40.48,31.6,1390,1312,PINI,29,1,5.25,0.952494858,37
tur058,41,33.85,1850,1528,PINI,29,28,62.25,0.905558849,35
tur059,36.95,34.08,1980,1948,JUEX,21,0,0,0.861245239,20
tur060,40.62,42.5,2400,1995,PINI,21,6.25,55.75,0.909451197,37
tur062,37.25,29.07,1850,1895,CDLI,30,1.5,21.75,0.966974217,43
tur063,37.26,29.04,1500,1483,CDLI,32,28,65.25,0.933028062,32
tur064,37.26,29.04,1510,1483,PINI,31,28,65.25,0.948600201,37
tur065,40.23,39.08,1670,1550,PISY,21,10.25,17,0.92191634,29
tur066,38.53,27.46,1230,1136,PINI,30,22.75,62,0.960400428,43
tur067,40.4,32,1370,1419,PINI,29,52.66666667,68,0.948858315,33
tur068,40.05,26.78,350,393,PINI,30,21.25,52,0.928503338,34
tur069,37.97,36.33,1670,1731,PINI,29,36.875,51.25,0.94828579,44
tur070,40.77,42.38,2340,2243,PISY,33,43.25,58.25,0.969895093,77
tur072,37.78,28.95,1400,1259,PINI,31,34.5,68.75,0.926775369,38
tur073,37.08,30.52,1050,1086,JUEX,20,20.5,32.5,0.924378248,28
tur074,41.05,32.33,1220,1181,PINI,29,68,76.5,0.947516546,40
tur075,37.67,29.26,1660,1519,PINI,30,48.5,70,0.938937181,47
tur076,40.35,42.55,2400,2401,PISY,21,2,4.5,0.859646457,32
tur077,37.11,28.85,1800,1679,PINI,30,21.75,46.75,0.910568234,41
tur078,37.37,34.58,2030,2309,PINI,31,0,0,0.892847549,33
tur079,39.6,26.28,510,475,PINI,30,1.75,33.25,0.955109073,42
tur080,39.95,31.1,1540,1354,PINI,29,28.25,53.625,0.949187323,37
tur081,38,36.35,1890,1813,PINI,29,5.583333333,17.75,0.925865823,38
tur082,39.41,27.18,1220,1034,PINI,30,2.25,68.25,0.969669938,40
tur083,36.65,32.2,1640,1338,PINI,20,54.75,66.75,0.893447985,25
tur084,41.02,33.87,1470,1578,PINI,29,29.66666667,59.5,0.953153789,37
tur085,37.31,28.47,1370,1413,PINI,30,1.25,19.75,0.953962124,48
tur086,41.35,33.27,1360,1244,PINI,29,38.25,75,0.949796268,38
tur087,40.3,39.27,2160,2029,PISY,21,37,61.5,0.936553743,28
tur088,37.26,29.03,1410,1445,PINI,30,16.25,33.25,0.943989038,35
tur089,39.41,27.18,830,1034,PINI,30,2.25,68.25,0.931006619,40
tur090,40.82,42.43,2240,2349,PISY,34,6,26.75,0.966270556,60
turk001,39.93,31.38,1200,1221,PINI,21,4.666666667,34.25,0.85503241,21
turk013,37.42,30.28,1601,1418,PINI,21,26.5,63.5,0.919229419,33
turk015,37.4,30.63,1156,1329,PIBR,20,16.25,52.25,0.935560134,32
turk016,36.6,30.02,1853,1939,JUEX,26,0.833333333,54.08333333,0.962042735,64
turk017,36.6,30.02,1853,1939,CDLI,20,0.833333333,54.08333333,0.951539271,36
turk018,37.08,30.52,1047,1086,JUEX,20,20.5,32.5,0.924378248,28
turk019,37.38,30.6,1469,1438,CDLI,20,24.5,57,0.944070693,26
turk020,36.65,32.2,1633,1338,PINI,20,54.75,66.75,0.893447985,25
turk021,36.65,32.18,1723,1716,CDLI,20,4.25,61,0.91423214,26
turk030,39.28,28.93,1600,947,PINI,24,1.75,27,0.976699423,79
turk034,41.5,33,1050,1105,QUSP,21,17.25,57.5,0.934271394,37
turk035,37,34.5,0,1110,JUEX,21,2.5,8.5,0.903541934,35
turk036,37.08,30.52,1047,1086,PIBR,21,20.5,32.5,0.956321513,33
turk037,39.33,29.08,1650,1362,PINI,22,52.75,70.5,0.974296477,38
turk038,39.27,28.85,1650,1419,PINI,22,39.25,66.5,0.922535913,23
turk048,41.3,41.9,1600,1884,ABNO,27,29.75,68.125,0.885523942,29
turk050,39.8833,29.8333,1240,905,PINI,28,52.33333333,66.66666667,0.934053437,22
turk051,37.8167,35.2833,1884,1902,PINI,30,0,33.25,0.942926243,25
turk052,41.1833,34.4667,1522,1320,PINI,23,7.5,55,0.938625156,29
turk054,41.2167,34.7833,1300,1356,PINI,24,27.5,61.5,0.929951301,21
ukr001,48.15,24.5167,1430,1763,PCAB,23,18.25,37.5,0.959386069,79
,,,,,,24138,,,,
